t,roll,pitch,m1,m2,m3,m4
0.00478363037109375,-149.66,2.31,1000.0,1000.0,1000.0,1000.0
0.00478363037109375,-149.66,2.3,1000.0,1000.0,1000.0,1000.0
0.00478363037109375,-149.65,2.31,1000.0,1000.0,1000.0,1000.0
0.00478363037109375,-149.65,2.3,1000.0,1000.0,1000.0,1000.0
0.00478363037109375,-149.65,2.3,1000.0,1000.0,1000.0,1000.0
0.00478363037109375,-149.66,2.29,1000.0,1000.0,1000.0,1000.0
0.00478363037109375,-149.66,2.3,1000.0,1000.0,1000.0,1000.0
0.00478363037109375,-149.65,2.29,1000.0,1000.0,1000.0,1000.0
0.00478363037109375,-149.65,2.29,1000.0,1000.0,1000.0,1000.0
0.00478363037109375,-149.66,2.29,1000.0,1000.0,1000.0,1000.0
0.00478363037109375,-149.66,2.29,1000.0,1000.0,1000.0,1000.0
0.005355119705200195,-149.66,2.29,1000.0,1000.0,1000.0,1000.0
0.005355119705200195,-149.65,2.3,1000.0,1000.0,1000.0,1000.0
0.005355119705200195,-149.65,2.3,1000.0,1000.0,1000.0,1000.0
0.005355119705200195,-149.64,2.3,1000.0,1000.0,1000.0,1000.0
0.005355119705200195,-149.64,2.3,1000.0,1000.0,1000.0,1000.0
0.005355119705200195,-149.64,2.3,1000.0,1000.0,1000.0,1000.0
0.005355119705200195,-149.65,2.3,1000.0,1000.0,1000.0,1000.0
0.005355119705200195,-149.65,2.3,1000.0,1000.0,1000.0,1000.0
0.005355119705200195,-149.65,2.29,1000.0,1000.0,1000.0,1000.0
0.005355119705200195,-149.64,2.3,1000.0,1000.0,1000.0,1000.0
0.005355119705200195,-149.63,2.29,1000.0,1000.0,1000.0,1000.0
0.005355119705200195,-149.64,2.29,1000.0,1000.0,1000.0,1000.0
0.005355119705200195,-149.64,2.28,1000.0,1000.0,1000.0,1000.0
0.005355119705200195,-149.63,2.29,1000.0,1000.0,1000.0,1000.0
0.005355119705200195,-149.63,2.28,1000.0,1000.0,1000.0,1000.0
0.005355119705200195,-149.62,2.29,1000.0,1000.0,1000.0,1000.0
0.005355119705200195,-149.62,2.29,1000.0,1000.0,1000.0,1000.0
0.005355119705200195,-149.62,2.28,1000.0,1000.0,1000.0,1000.0
0.005355119705200195,-149.61,2.27,1000.0,1000.0,1000.0,1000.0
0.005355119705200195,-149.61,2.28,1000.0,1000.0,1000.0,1000.0
0.005355119705200195,-149.61,2.28,1000.0,1000.0,1000.0,1000.0
0.005355119705200195,-149.61,2.28,1000.0,1000.0,1000.0,1000.0
0.005355119705200195,-149.61,2.28,1000.0,1000.0,1000.0,1000.0
0.005355119705200195,-149.61,2.28,1000.0,1000.0,1000.0,1000.0
0.005355119705200195,-149.61,2.28,1000.0,1000.0,1000.0,1000.0
0.005355119705200195,-149.6,2.28,1000.0,1000.0,1000.0,1000.0
0.005355119705200195,-149.6,2.28,1000.0,1000.0,1000.0,1000.0
0.005355119705200195,-149.6,2.28,1000.0,1000.0,1000.0,1000.0
0.005355119705200195,-149.6,2.28,1000.0,1000.0,1000.0,1000.0
0.005355119705200195,-149.6,2.28,1000.0,1000.0,1000.0,1000.0
0.005355119705200195,-149.6,2.28,1000.0,1000.0,1000.0,1000.0
0.005355119705200195,-149.6,2.28,1000.0,1000.0,1000.0,1000.0
0.005355119705200195,-149.61,2.28,1000.0,1000.0,1000.0,1000.0
0.005355119705200195,-149.6,2.29,1000.0,1000.0,1000.0,1000.0
0.005355119705200195,-149.6,2.29,1000.0,1000.0,1000.0,1000.0
0.005355119705200195,-149.59,2.29,1000.0,1000.0,1000.0,1000.0
0.005355119705200195,-149.6,2.29,1000.0,1000.0,1000.0,1000.0
0.005355119705200195,-149.6,2.29,1000.0,1000.0,1000.0,1000.0
0.005355119705200195,-149.6,2.29,1000.0,1000.0,1000.0,1000.0
0.005355119705200195,-149.6,2.28,1000.0,1000.0,1000.0,1000.0
0.005355119705200195,-149.59,2.28,1000.0,1000.0,1000.0,1000.0
0.005355119705200195,-149.6,2.28,1000.0,1000.0,1000.0,1000.0
0.005355119705200195,-149.6,2.29,1000.0,1000.0,1000.0,1000.0
0.005355119705200195,-149.6,2.28,1000.0,1000.0,1000.0,1000.0
0.005355119705200195,-149.6,2.28,1000.0,1000.0,1000.0,1000.0
0.005355119705200195,-149.61,2.28,1000.0,1000.0,1000.0,1000.0
0.005355119705200195,-149.6,2.28,1000.0,1000.0,1000.0,1000.0
0.005355119705200195,-149.6,2.28,1000.0,1000.0,1000.0,1000.0
0.005355119705200195,-149.6,2.28,1000.0,1000.0,1000.0,1000.0
0.005355119705200195,-149.59,2.29,1000.0,1000.0,1000.0,1000.0
0.005355119705200195,-149.59,2.29,1000.0,1000.0,1000.0,1000.0
0.005355119705200195,-149.6,2.29,1000.0,1000.0,1000.0,1000.0
0.005355119705200195,-149.6,2.29,1000.0,1000.0,1000.0,1000.0
0.005355119705200195,-149.6,2.29,1000.0,1000.0,1000.0,1000.0
0.005355119705200195,-149.59,2.3,1000.0,1000.0,1000.0,1000.0
0.005355119705200195,-149.59,2.3,1000.0,1000.0,1000.0,1000.0
0.005355119705200195,-149.59,2.29,1000.0,1000.0,1000.0,1000.0
0.005355119705200195,-149.61,2.29,1000.0,1000.0,1000.0,1000.0
0.005355119705200195,-149.6,2.29,1000.0,1000.0,1000.0,1000.0
0.005355119705200195,-149.6,2.28,1000.0,1000.0,1000.0,1000.0
0.005355119705200195,-149.6,2.28,1000.0,1000.0,1000.0,1000.0
0.005355119705200195,-149.61,2.27,1000.0,1000.0,1000.0,1000.0
0.005355119705200195,-149.61,2.27,1000.0,1000.0,1000.0,1000.0
0.005355119705200195,-149.61,2.27,1000.0,1000.0,1000.0,1000.0
0.005355119705200195,-149.6,2.27,1000.0,1000.0,1000.0,1000.0
0.005355119705200195,-149.6,2.27,1000.0,1000.0,1000.0,1000.0
0.005355119705200195,-149.61,2.28,1000.0,1000.0,1000.0,1000.0
0.005355119705200195,-149.6,2.28,1000.0,1000.0,1000.0,1000.0
0.005355119705200195,-149.6,2.28,1000.0,1000.0,1000.0,1000.0
0.005355119705200195,-149.61,2.28,1000.0,1000.0,1000.0,1000.0
0.005355119705200195,-149.62,2.28,1000.0,1000.0,1000.0,1000.0
0.005355119705200195,-149.62,2.28,1000.0,1000.0,1000.0,1000.0
0.005355119705200195,-149.62,2.29,1000.0,1000.0,1000.0,1000.0
0.005355119705200195,-149.61,2.28,1000.0,1000.0,1000.0,1000.0
0.005355119705200195,-149.62,2.28,1000.0,1000.0,1000.0,1000.0
0.005355119705200195,-149.61,2.28,1000.0,1000.0,1000.0,1000.0
0.005355119705200195,-149.61,2.28,1000.0,1000.0,1000.0,1000.0
0.005355119705200195,-149.61,2.28,1000.0,1000.0,1000.0,1000.0
0.026754140853881836,-149.61,2.28,1000.0,1000.0,1000.0,1000.0
0.026754140853881836,-149.61,2.27,1000.0,1000.0,1000.0,1000.0
0.026754140853881836,-149.62,2.27,1000.0,1000.0,1000.0,1000.0
0.026754140853881836,-149.61,2.27,1000.0,1000.0,1000.0,1000.0
0.026754140853881836,-149.62,2.27,1000.0,1000.0,1000.0,1000.0
0.026754140853881836,-149.62,2.28,1000.0,1000.0,1000.0,1000.0
0.026754140853881836,-149.62,2.28,1000.0,1000.0,1000.0,1000.0
0.026754140853881836,-149.62,2.28,1000.0,1000.0,1000.0,1000.0
0.026754140853881836,-149.62,2.28,1000.0,1000.0,1000.0,1000.0
0.026754140853881836,-149.62,2.28,1000.0,1000.0,1000.0,1000.0
0.026754140853881836,-149.62,2.28,1000.0,1000.0,1000.0,1000.0
0.026754140853881836,-149.62,2.28,1000.0,1000.0,1000.0,1000.0
0.026754140853881836,-149.62,2.28,1000.0,1000.0,1000.0,1000.0
0.026754140853881836,-149.62,2.28,1000.0,1000.0,1000.0,1000.0
0.026754140853881836,-149.61,2.28,1000.0,1000.0,1000.0,1000.0
0.026754140853881836,-149.6,2.28,1000.0,1000.0,1000.0,1000.0
0.026754140853881836,-149.6,2.27,1000.0,1000.0,1000.0,1000.0
0.026754140853881836,-149.61,2.28,1000.0,1000.0,1000.0,1000.0
0.026754140853881836,-149.61,2.28,1000.0,1000.0,1000.0,1000.0
0.026754140853881836,-149.61,2.28,1000.0,1000.0,1000.0,1000.0
0.026754140853881836,-149.62,2.27,1000.0,1000.0,1000.0,1000.0
0.026754140853881836,-149.62,2.28,1000.0,1000.0,1000.0,1000.0
0.026754140853881836,-149.62,2.28,1000.0,1000.0,1000.0,1000.0
0.026754140853881836,-149.63,2.28,1000.0,1000.0,1000.0,1000.0
0.026754140853881836,-149.63,2.27,1000.0,1000.0,1000.0,1000.0
0.026754140853881836,-149.63,2.26,1000.0,1000.0,1000.0,1000.0
0.026754140853881836,-149.63,2.25,1000.0,1000.0,1000.0,1000.0
0.026754140853881836,-149.64,2.26,1000.0,1000.0,1000.0,1000.0
0.026754140853881836,-149.64,2.25,1000.0,1000.0,1000.0,1000.0
0.026754140853881836,-149.64,2.26,1000.0,1000.0,1000.0,1000.0
0.026754140853881836,-149.64,2.26,1000.0,1000.0,1000.0,1000.0
0.026754140853881836,-149.65,2.26,1000.0,1000.0,1000.0,1000.0
0.026754140853881836,-149.65,2.26,1000.0,1000.0,1000.0,1000.0
0.026754140853881836,-149.65,2.26,1000.0,1000.0,1000.0,1000.0
0.026754140853881836,-149.64,2.26,1000.0,1000.0,1000.0,1000.0
0.026754140853881836,-149.65,2.26,1000.0,1000.0,1000.0,1000.0
0.026754140853881836,-149.65,2.27,1000.0,1000.0,1000.0,1000.0
0.026754140853881836,-149.64,2.26,1000.0,1000.0,1000.0,1000.0
0.026754140853881836,-149.64,2.26,1000.0,1000.0,1000.0,1000.0
0.026754140853881836,-149.64,2.26,1000.0,1000.0,1000.0,1000.0
0.026754140853881836,-149.64,2.26,1000.0,1000.0,1000.0,1000.0
0.026754140853881836,-149.64,2.27,1000.0,1000.0,1000.0,1000.0
0.026754140853881836,-149.63,2.26,1000.0,1000.0,1000.0,1000.0
0.026754140853881836,-149.63,2.27,1000.0,1000.0,1000.0,1000.0
0.026754140853881836,-149.62,2.27,1000.0,1000.0,1000.0,1000.0
0.026754140853881836,-149.63,2.27,1000.0,1000.0,1000.0,1000.0
0.026754140853881836,-149.63,2.27,1000.0,1000.0,1000.0,1000.0
0.026754140853881836,-149.63,2.27,1000.0,1000.0,1000.0,1000.0
0.026754140853881836,-149.64,2.28,1000.0,1000.0,1000.0,1000.0
0.026754140853881836,-149.64,2.27,1000.0,1000.0,1000.0,1000.0
0.026754140853881836,-149.65,2.27,1000.0,1000.0,1000.0,1000.0
0.026754140853881836,-149.65,2.27,1000.0,1000.0,1000.0,1000.0
0.026754140853881836,-149.65,2.28,1000.0,1000.0,1000.0,1000.0
0.026754140853881836,-149.65,2.27,1000.0,1000.0,1000.0,1000.0
0.026754140853881836,-149.65,2.27,1000.0,1000.0,1000.0,1000.0
0.026754140853881836,-149.66,2.27,1000.0,1000.0,1000.0,1000.0
0.026754140853881836,-149.66,2.27,1000.0,1000.0,1000.0,1000.0
0.026754140853881836,-149.65,2.27,1000.0,1000.0,1000.0,1000.0
0.026754140853881836,-149.65,2.27,1000.0,1000.0,1000.0,1000.0
0.026754140853881836,-149.65,2.28,1000.0,1000.0,1000.0,1000.0
0.026754140853881836,-149.65,2.28,1000.0,1000.0,1000.0,1000.0
0.026754140853881836,-149.65,2.27,1000.0,1000.0,1000.0,1000.0
0.026754140853881836,-149.66,2.28,1000.0,1000.0,1000.0,1000.0
0.026754140853881836,-149.66,2.27,1000.0,1000.0,1000.0,1000.0
0.026754140853881836,-149.66,2.27,1000.0,1000.0,1000.0,1000.0
0.026754140853881836,-149.65,2.27,1000.0,1000.0,1000.0,1000.0
0.026754140853881836,-149.65,2.28,1000.0,1000.0,1000.0,1000.0
0.026754140853881836,-149.65,2.28,1000.0,1000.0,1000.0,1000.0
0.026754140853881836,-149.64,2.27,1000.0,1000.0,1000.0,1000.0
0.026754140853881836,-149.64,2.28,1000.0,1000.0,1000.0,1000.0
0.026754140853881836,-149.64,2.29,1000.0,1000.0,1000.0,1000.0
0.026754140853881836,-149.64,2.3,1000.0,1000.0,1000.0,1000.0
0.027754545211791992,-149.64,2.3,1000.0,1000.0,1000.0,1000.0
0.027754545211791992,-149.63,2.3,1000.0,1000.0,1000.0,1000.0
0.027754545211791992,-149.63,2.3,1000.0,1000.0,1000.0,1000.0
0.027754545211791992,-149.63,2.3,1000.0,1000.0,1000.0,1000.0
0.027754545211791992,-149.63,2.3,1000.0,1000.0,1000.0,1000.0
0.027754545211791992,-149.62,2.3,1000.0,1000.0,1000.0,1000.0
0.027754545211791992,-149.63,2.3,1000.0,1000.0,1000.0,1000.0
0.027754545211791992,-149.62,2.3,1000.0,1000.0,1000.0,1000.0
0.027754545211791992,-149.63,2.3,1000.0,1000.0,1000.0,1000.0
0.027754545211791992,-149.62,2.31,1000.0,1000.0,1000.0,1000.0
0.027754545211791992,-149.62,2.3,1000.0,1000.0,1000.0,1000.0
0.027754545211791992,-149.62,2.3,1000.0,1000.0,1000.0,1000.0
0.027754545211791992,-149.62,2.3,1000.0,1000.0,1000.0,1000.0
0.027754545211791992,-149.61,2.3,1000.0,1000.0,1000.0,1000.0
0.027754545211791992,-149.62,2.3,1000.0,1000.0,1000.0,1000.0
0.027754545211791992,-149.62,2.3,1000.0,1000.0,1000.0,1000.0
0.027754545211791992,-149.62,2.3,1000.0,1000.0,1000.0,1000.0
0.027754545211791992,-149.61,2.3,1000.0,1000.0,1000.0,1000.0
0.044855594635009766,-149.61,2.3,1000.0,1000.0,1000.0,1000.0
0.044855594635009766,-149.6,2.3,1000.0,1000.0,1000.0,1000.0
0.044855594635009766,-149.6,2.3,1000.0,1000.0,1000.0,1000.0
0.044855594635009766,-149.61,2.3,1000.0,1000.0,1000.0,1000.0
0.044855594635009766,-149.61,2.3,1000.0,1000.0,1000.0,1000.0
0.044855594635009766,-149.61,2.3,1000.0,1000.0,1000.0,1000.0
0.044855594635009766,-149.61,2.29,1000.0,1000.0,1000.0,1000.0
0.044855594635009766,-149.61,2.3,1000.0,1000.0,1000.0,1000.0
0.044855594635009766,-149.6,2.29,1000.0,1000.0,1000.0,1000.0
0.044855594635009766,-149.6,2.3,1000.0,1000.0,1000.0,1000.0
0.044855594635009766,-149.6,2.3,1000.0,1000.0,1000.0,1000.0
0.044855594635009766,-149.6,2.3,1000.0,1000.0,1000.0,1000.0
0.044855594635009766,-149.59,2.3,1000.0,1000.0,1000.0,1000.0
0.044855594635009766,-149.6,2.3,1000.0,1000.0,1000.0,1000.0
0.044855594635009766,-149.6,2.31,1000.0,1000.0,1000.0,1000.0
0.044855594635009766,-149.6,2.31,1000.0,1000.0,1000.0,1000.0
0.044855594635009766,-149.6,2.31,1000.0,1000.0,1000.0,1000.0
0.044855594635009766,-149.61,2.31,1000.0,1000.0,1000.0,1000.0
0.044855594635009766,-149.61,2.31,1000.0,1000.0,1000.0,1000.0
0.044855594635009766,-149.61,2.3,1000.0,1000.0,1000.0,1000.0
0.044855594635009766,-149.62,2.3,1000.0,1000.0,1000.0,1000.0
0.044855594635009766,-149.61,2.3,1000.0,1000.0,1000.0,1000.0
0.044855594635009766,-149.62,2.3,1000.0,1000.0,1000.0,1000.0
0.044855594635009766,-149.62,2.31,1000.0,1000.0,1000.0,1000.0
0.044855594635009766,-149.62,2.3,1000.0,1000.0,1000.0,1000.0
0.044855594635009766,-149.63,2.3,1000.0,1000.0,1000.0,1000.0
0.044855594635009766,-149.62,2.3,1000.0,1000.0,1000.0,1000.0
0.044855594635009766,-149.62,2.3,1000.0,1000.0,1000.0,1000.0
0.044855594635009766,-149.62,2.3,1000.0,1000.0,1000.0,1000.0
0.044855594635009766,-149.63,2.31,1000.0,1000.0,1000.0,1000.0
0.044855594635009766,-149.63,2.3,1000.0,1000.0,1000.0,1000.0
0.044855594635009766,-149.63,2.3,1000.0,1000.0,1000.0,1000.0
0.044855594635009766,-149.64,2.3,1000.0,1000.0,1000.0,1000.0
0.044855594635009766,-149.64,2.29,1000.0,1000.0,1000.0,1000.0
0.044855594635009766,-149.64,2.29,1000.0,1000.0,1000.0,1000.0
0.044855594635009766,-149.63,2.3,1000.0,1000.0,1000.0,1000.0
0.044855594635009766,-149.63,2.29,1000.0,1000.0,1000.0,1000.0
0.044855594635009766,-149.62,2.29,1000.0,1000.0,1000.0,1000.0
0.044855594635009766,-149.63,2.29,1000.0,1000.0,1000.0,1000.0
0.044855594635009766,-149.63,2.29,1000.0,1000.0,1000.0,1000.0
0.044855594635009766,-149.64,2.3,1000.0,1000.0,1000.0,1000.0
0.044855594635009766,-149.63,2.3,1000.0,1000.0,1000.0,1000.0
0.044855594635009766,-149.63,2.3,1000.0,1000.0,1000.0,1000.0
0.044855594635009766,-149.63,2.3,1000.0,1000.0,1000.0,1000.0
0.044855594635009766,-149.64,2.31,1000.0,1000.0,1000.0,1000.0
0.044855594635009766,-149.64,2.31,1000.0,1000.0,1000.0,1000.0
0.044855594635009766,-149.64,2.3,1000.0,1000.0,1000.0,1000.0
0.044855594635009766,-149.64,2.3,1000.0,1000.0,1000.0,1000.0
0.044855594635009766,-149.65,2.29,1000.0,1000.0,1000.0,1000.0
0.044855594635009766,-149.65,2.29,1000.0,1000.0,1000.0,1000.0
0.044855594635009766,-149.64,2.29,1000.0,1000.0,1000.0,1000.0
0.044855594635009766,-149.65,2.29,1000.0,1000.0,1000.0,1000.0
0.044855594635009766,-149.65,2.29,1000.0,1000.0,1000.0,1000.0
0.044855594635009766,-149.64,2.28,1000.0,1000.0,1000.0,1000.0
0.044855594635009766,-149.64,2.28,1000.0,1000.0,1000.0,1000.0
0.044855594635009766,-149.65,2.28,1000.0,1000.0,1000.0,1000.0
0.044855594635009766,-149.64,2.28,1000.0,1000.0,1000.0,1000.0
0.044855594635009766,-149.64,2.28,1000.0,1000.0,1000.0,1000.0
0.044855594635009766,-149.65,2.28,1000.0,1000.0,1000.0,1000.0
0.044855594635009766,-149.65,2.29,1000.0,1000.0,1000.0,1000.0
0.04622173309326172,-149.65,2.29,1000.0,1000.0,1000.0,1000.0
0.04622173309326172,-149.66,2.3,1000.0,1000.0,1000.0,1000.0
0.04622173309326172,-149.67,2.3,1000.0,1000.0,1000.0,1000.0
0.04622173309326172,-149.66,2.29,1000.0,1000.0,1000.0,1000.0
0.04622173309326172,-149.66,2.29,1000.0,1000.0,1000.0,1000.0
0.04622173309326172,-149.65,2.29,1000.0,1000.0,1000.0,1000.0
0.04622173309326172,-149.64,2.3,1000.0,1000.0,1000.0,1000.0
0.04622173309326172,-149.64,2.3,1000.0,1000.0,1000.0,1000.0
0.04622173309326172,-149.63,2.3,1000.0,1000.0,1000.0,1000.0
0.04622173309326172,-149.64,2.3,1000.0,1000.0,1000.0,1000.0
0.04622173309326172,-149.64,2.3,1000.0,1000.0,1000.0,1000.0
0.04622173309326172,-149.63,2.29,1000.0,1000.0,1000.0,1000.0
0.04622173309326172,-149.64,2.29,1000.0,1000.0,1000.0,1000.0
0.04622173309326172,-149.64,2.29,1000.0,1000.0,1000.0,1000.0
0.04622173309326172,-149.63,2.29,1000.0,1000.0,1000.0,1000.0
0.04622173309326172,-149.63,2.3,1000.0,1000.0,1000.0,1000.0
0.04622173309326172,-149.64,2.29,1000.0,1000.0,1000.0,1000.0
0.04622173309326172,-149.63,2.29,1000.0,1000.0,1000.0,1000.0
0.04622173309326172,-149.63,2.28,1000.0,1000.0,1000.0,1000.0
0.04622173309326172,-149.62,2.28,1000.0,1000.0,1000.0,1000.0
0.04622173309326172,-149.63,2.28,1000.0,1000.0,1000.0,1000.0
0.04622173309326172,-149.61,2.29,1000.0,1000.0,1000.0,1000.0
0.04622173309326172,-149.61,2.29,1000.0,1000.0,1000.0,1000.0
0.04622173309326172,-149.61,2.29,1000.0,1000.0,1000.0,1000.0
0.04622173309326172,-149.61,2.29,1000.0,1000.0,1000.0,1000.0
0.04622173309326172,-149.61,2.29,1000.0,1000.0,1000.0,1000.0
0.04622173309326172,-149.61,2.29,1000.0,1000.0,1000.0,1000.0
0.04622173309326172,-149.61,2.29,1000.0,1000.0,1000.0,1000.0
0.04622173309326172,-149.61,2.3,1000.0,1000.0,1000.0,1000.0
0.05887269973754883,-149.61,2.3,1000.0,1000.0,1000.0,1000.0
0.05887269973754883,-149.61,2.29,1000.0,1000.0,1000.0,1000.0
0.05887269973754883,-149.61,2.29,1000.0,1000.0,1000.0,1000.0
0.05887269973754883,-149.61,2.29,1000.0,1000.0,1000.0,1000.0
0.05887269973754883,-149.62,2.29,1000.0,1000.0,1000.0,1000.0
0.05887269973754883,-149.61,2.29,1000.0,1000.0,1000.0,1000.0
0.05887269973754883,-149.61,2.29,1000.0,1000.0,1000.0,1000.0
0.05887269973754883,-149.61,2.29,1000.0,1000.0,1000.0,1000.0
0.05887269973754883,-149.61,2.29,1000.0,1000.0,1000.0,1000.0
0.05887269973754883,-149.61,2.28,1000.0,1000.0,1000.0,1000.0
0.05887269973754883,-149.62,2.29,1000.0,1000.0,1000.0,1000.0
0.05887269973754883,-149.63,2.29,1000.0,1000.0,1000.0,1000.0
0.05887269973754883,-149.62,2.29,1000.0,1000.0,1000.0,1000.0
0.05887269973754883,-149.62,2.29,1000.0,1000.0,1000.0,1000.0
0.05887269973754883,-149.62,2.29,1000.0,1000.0,1000.0,1000.0
0.05887269973754883,-149.62,2.29,1000.0,1000.0,1000.0,1000.0
0.05887269973754883,-149.62,2.29,1000.0,1000.0,1000.0,1000.0
0.05887269973754883,-149.62,2.29,1000.0,1000.0,1000.0,1000.0
0.05887269973754883,-149.62,2.29,1000.0,1000.0,1000.0,1000.0
0.05887269973754883,-149.61,2.28,1000.0,1000.0,1000.0,1000.0
0.05887269973754883,-149.61,2.28,1000.0,1000.0,1000.0,1000.0
0.05887269973754883,-149.61,2.28,1000.0,1000.0,1000.0,1000.0
0.05887269973754883,-149.61,2.28,1000.0,1000.0,1000.0,1000.0
0.05887269973754883,-149.62,2.28,1000.0,1000.0,1000.0,1000.0
0.05887269973754883,-149.61,2.28,1000.0,1000.0,1000.0,1000.0
0.05887269973754883,-149.61,2.28,1000.0,1000.0,1000.0,1000.0
0.05887269973754883,-149.61,2.28,1000.0,1000.0,1000.0,1000.0
0.05887269973754883,-149.6,2.28,1000.0,1000.0,1000.0,1000.0
0.05887269973754883,-149.61,2.28,1000.0,1000.0,1000.0,1000.0
0.05887269973754883,-149.61,2.28,1000.0,1000.0,1000.0,1000.0
0.05887269973754883,-149.61,2.28,1000.0,1000.0,1000.0,1000.0
0.05887269973754883,-149.62,2.29,1000.0,1000.0,1000.0,1000.0
0.05887269973754883,-149.61,2.3,1000.0,1000.0,1000.0,1000.0
0.05887269973754883,-149.61,2.3,1000.0,1000.0,1000.0,1000.0
0.05887269973754883,-149.61,2.3,1000.0,1000.0,1000.0,1000.0
0.05887269973754883,-149.6,2.3,1000.0,1000.0,1000.0,1000.0
0.05887269973754883,-149.6,2.3,1000.0,1000.0,1000.0,1000.0
0.05887269973754883,-149.61,2.29,1000.0,1000.0,1000.0,1000.0
0.05887269973754883,-149.6,2.29,1000.0,1000.0,1000.0,1000.0
0.05887269973754883,-149.6,2.3,1000.0,1000.0,1000.0,1000.0
0.05887269973754883,-149.6,2.29,1000.0,1000.0,1000.0,1000.0
0.05887269973754883,-149.59,2.3,1000.0,1000.0,1000.0,1000.0
0.05887269973754883,-149.6,2.3,1000.0,1000.0,1000.0,1000.0
0.05987119674682617,-149.6,2.29,1000.0,1000.0,1000.0,1000.0
0.05987119674682617,-149.6,2.29,1000.0,1000.0,1000.0,1000.0
0.05987119674682617,-149.6,2.29,1000.0,1000.0,1000.0,1000.0
0.05987119674682617,-149.61,2.3,1000.0,1000.0,1000.0,1000.0
0.05987119674682617,-149.61,2.3,1000.0,1000.0,1000.0,1000.0
0.05987119674682617,-149.61,2.3,1000.0,1000.0,1000.0,1000.0
0.05987119674682617,-149.61,2.3,1000.0,1000.0,1000.0,1000.0
0.05987119674682617,-149.62,2.3,1000.0,1000.0,1000.0,1000.0
0.05987119674682617,-149.62,2.3,1000.0,1000.0,1000.0,1000.0
0.05987119674682617,-149.62,2.3,1000.0,1000.0,1000.0,1000.0
0.05987119674682617,-149.63,2.3,1000.0,1000.0,1000.0,1000.0
0.05987119674682617,-149.63,2.3,1000.0,1000.0,1000.0,1000.0
0.05987119674682617,-149.64,2.31,1000.0,1000.0,1000.0,1000.0
0.05987119674682617,-149.64,2.31,1000.0,1000.0,1000.0,1000.0
0.05987119674682617,-149.64,2.3,1000.0,1000.0,1000.0,1000.0
0.05987119674682617,-149.65,2.3,1000.0,1000.0,1000.0,1000.0
0.05987119674682617,-149.64,2.3,1000.0,1000.0,1000.0,1000.0
0.05987119674682617,-149.64,2.3,1000.0,1000.0,1000.0,1000.0
0.05987119674682617,-149.64,2.3,1000.0,1000.0,1000.0,1000.0
0.05987119674682617,-149.65,2.3,1000.0,1000.0,1000.0,1000.0
0.05987119674682617,-149.64,2.3,1000.0,1000.0,1000.0,1000.0
0.05987119674682617,-149.65,2.3,1000.0,1000.0,1000.0,1000.0
0.05987119674682617,-149.65,2.3,1000.0,1000.0,1000.0,1000.0
0.05987119674682617,-149.65,2.3,1000.0,1000.0,1000.0,1000.0
0.05987119674682617,-149.64,2.3,1000.0,1000.0,1000.0,1000.0
0.05987119674682617,-149.64,2.3,1000.0,1000.0,1000.0,1000.0
0.05987119674682617,-149.65,2.3,1000.0,1000.0,1000.0,1000.0
0.05987119674682617,-149.65,2.31,1000.0,1000.0,1000.0,1000.0
0.05987119674682617,-149.65,2.3,1000.0,1000.0,1000.0,1000.0
0.05987119674682617,-149.65,2.3,1000.0,1000.0,1000.0,1000.0
0.05987119674682617,-149.65,2.3,1000.0,1000.0,1000.0,1000.0
0.05987119674682617,-149.64,2.3,1000.0,1000.0,1000.0,1000.0
0.05987119674682617,-149.65,2.3,1100.0,1100.0,1100.0,1100.0
0.05987119674682617,-150.01,1.68,1100.0,1100.0,1100.0,1100.0
0.1050252914428711,-150.18,1.64,1100.0,1100.0,1100.0,1100.0
0.1050252914428711,-149.97,0.86,1100.0,1100.0,1100.0,1100.0
0.1050252914428711,-149.83,1.13,1100.0,1100.0,1100.0,1100.0
0.15481996536254883,-149.23,1.17,1100.0,1100.0,1100.0,1100.0
0.15481996536254883,-149.72,1.12,1100.0,1100.0,1100.0,1100.0
0.21483707427978516,-149.67,1.49,1100.0,1100.0,1100.0,1100.0
0.21483707427978516,-149.56,1.67,1100.0,1100.0,1100.0,1100.0
0.21483707427978516,-149.81,1.31,1100.0,1100.0,1100.0,1100.0
0.21555089950561523,-149.83,1.28,1100.0,1100.0,1100.0,1100.0
0.2553696632385254,-149.74,1.48,1100.0,1100.0,1100.0,1100.0
0.2553696632385254,-149.55,1.6,1100.0,1100.0,1100.0,1100.0
0.2553696632385254,-149.5,1.66,1100.0,1100.0,1100.0,1100.0
0.314713716506958,-149.58,1.73,1100.0,1100.0,1100.0,1100.0
0.314713716506958,-149.62,1.72,1100.0,1100.0,1100.0,1100.0
0.314713716506958,-149.71,1.69,1100.0,1100.0,1100.0,1100.0
0.314713716506958,-149.72,1.71,1100.0,1100.0,1100.0,1100.0
0.36472535133361816,-149.62,1.93,1100.0,1100.0,1100.0,1100.0
0.36472535133361816,-149.59,1.99,1100.0,1100.0,1100.0,1100.0
0.36472535133361816,-149.5,2.01,1100.0,1100.0,1100.0,1100.0
0.4050724506378174,-149.59,1.86,1100.0,1100.0,1100.0,1100.0
0.4050724506378174,-149.78,1.66,1100.0,1100.0,1100.0,1100.0
0.4645712375640869,-149.87,1.7,1100.0,1100.0,1100.0,1100.0
0.4645712375640869,-149.84,1.64,1100.0,1100.0,1100.0,1100.0
0.4645712375640869,-149.62,1.6,1100.0,1100.0,1100.0,1100.0
0.5251686573028564,-149.52,1.58,1100.0,1100.0,1100.0,1100.0
0.5251686573028564,-149.44,1.63,1100.0,1100.0,1100.0,1100.0
0.5251686573028564,-149.42,1.54,1100.0,1100.0,1100.0,1100.0
0.5251686573028564,-149.42,1.43,1100.0,1100.0,1100.0,1100.0
0.5651957988739014,-149.38,1.41,1100.0,1100.0,1100.0,1100.0
0.5651957988739014,-149.37,1.48,1100.0,1100.0,1100.0,1100.0
0.5651957988739014,-149.31,1.54,1100.0,1100.0,1100.0,1100.0
0.6145038604736328,-149.08,1.69,1100.0,1100.0,1100.0,1100.0
0.6145038604736328,-149.07,1.82,1100.0,1100.0,1100.0,1100.0
0.6145038604736328,-149.12,1.79,1100.0,1100.0,1100.0,1100.0
0.6746020317077637,-149.37,1.77,1100.0,1100.0,1100.0,1100.0
0.6746020317077637,-149.51,1.8,1100.0,1100.0,1100.0,1100.0
0.6746020317077637,-149.61,1.97,1100.0,1100.0,1100.0,1100.0
0.7245643138885498,-149.65,2.11,1100.0,1100.0,1100.0,1100.0
0.7245643138885498,-149.73,2.27,1100.0,1100.0,1100.0,1100.0
0.7245643138885498,-149.81,2.26,1100.0,1100.0,1100.0,1100.0
0.7752044200897217,-149.85,2.29,1100.0,1100.0,1100.0,1100.0
0.7752044200897217,-149.97,2.22,1100.0,1100.0,1100.0,1100.0
0.7752044200897217,-150.01,2.11,1100.0,1100.0,1100.0,1100.0
0.8144917488098145,-149.99,2.1,1100.0,1100.0,1100.0,1100.0
0.8144917488098145,-150.0,1.96,1100.0,1100.0,1100.0,1100.0
0.8144917488098145,-149.92,1.86,1100.0,1100.0,1100.0,1100.0
0.874763011932373,-149.91,1.82,1100.0,1100.0,1100.0,1100.0
0.874763011932373,-149.69,1.74,1100.0,1100.0,1100.0,1100.0
0.874763011932373,-149.66,1.51,1100.0,1100.0,1100.0,1100.0
0.9242932796478271,-149.55,1.36,1100.0,1100.0,1100.0,1100.0
0.9242932796478271,-149.37,1.24,1100.0,1100.0,1100.0,1100.0
0.9242932796478271,-149.2,1.3,1100.0,1100.0,1100.0,1100.0
0.9242932796478271,-149.05,1.41,1100.0,1100.0,1100.0,1100.0
0.9748237133026123,-149.01,1.48,1100.0,1100.0,1100.0,1100.0
0.9748237133026123,-149.0,1.71,1100.0,1100.0,1100.0,1100.0
1.0246925354003906,-148.98,1.77,1100.0,1100.0,1100.0,1100.0
1.0246925354003906,-149.22,1.87,1100.0,1100.0,1100.0,1100.0
1.0246925354003906,-149.35,2.03,1100.0,1100.0,1100.0,1100.0
1.07470703125,-149.42,2.15,1100.0,1100.0,1100.0,1100.0
1.07470703125,-149.5,2.33,1100.0,1100.0,1100.0,1100.0
1.07470703125,-149.66,2.6,1100.0,1100.0,1100.0,1100.0
1.125260591506958,-149.86,2.75,1100.0,1100.0,1100.0,1100.0
1.125260591506958,-150.14,2.73,1100.0,1100.0,1100.0,1100.0
1.125260591506958,-150.34,2.81,1100.0,1100.0,1100.0,1100.0
1.125260591506958,-150.45,2.74,1100.0,1100.0,1100.0,1100.0
1.1746129989624023,-150.52,2.72,1100.0,1100.0,1100.0,1100.0
1.1746129989624023,-150.43,2.74,1100.0,1100.0,1100.0,1100.0
1.1746129989624023,-150.4,2.62,1100.0,1100.0,1100.0,1100.0
1.2242941856384277,-150.31,2.45,1100.0,1100.0,1100.0,1100.0
1.2242941856384277,-150.18,2.32,1100.0,1100.0,1100.0,1100.0
1.2748489379882812,-150.21,2.09,1100.0,1100.0,1100.0,1100.0
1.2748489379882812,-150.11,1.85,1100.0,1100.0,1100.0,1100.0
1.2748489379882812,-150.01,1.71,1100.0,1100.0,1100.0,1100.0
1.2748489379882812,-149.76,1.64,1100.0,1100.0,1100.0,1100.0
1.3243813514709473,-149.55,1.54,1100.0,1100.0,1100.0,1100.0
1.3243813514709473,-149.55,1.44,1100.0,1100.0,1100.0,1100.0
1.3243813514709473,-149.6,1.36,1100.0,1100.0,1100.0,1100.0
1.3844475746154785,-149.62,1.42,1100.0,1100.0,1100.0,1100.0
1.3844475746154785,-149.43,1.41,1100.0,1100.0,1100.0,1100.0
1.3844475746154785,-149.58,1.42,1100.0,1100.0,1100.0,1100.0
1.4348325729370117,-149.62,1.63,1100.0,1100.0,1100.0,1100.0
1.4348325729370117,-149.77,1.72,1100.0,1100.0,1100.0,1100.0
1.4348325729370117,-149.81,2.04,1100.0,1100.0,1100.0,1100.0
1.4348325729370117,-149.92,2.17,1100.0,1100.0,1100.0,1100.0
1.4845590591430664,-150.18,2.24,1100.0,1100.0,1100.0,1100.0
1.4845590591430664,-150.33,2.43,1100.0,1100.0,1100.0,1100.0
1.4845590591430664,-150.59,2.56,1100.0,1100.0,1100.0,1100.0
1.5351786613464355,-150.52,2.77,1100.0,1100.0,1100.0,1100.0
1.5351786613464355,-150.46,2.87,1100.0,1100.0,1100.0,1100.0
1.5943217277526855,-150.58,2.81,1100.0,1100.0,1100.0,1100.0
1.5943217277526855,-150.72,2.58,1100.0,1100.0,1100.0,1100.0
1.5943217277526855,-150.85,2.32,1100.0,1100.0,1100.0,1100.0
1.644502878189087,-150.69,2.31,1100.0,1100.0,1100.0,1100.0
1.644502878189087,-150.65,2.3,1100.0,1100.0,1100.0,1100.0
1.644502878189087,-150.49,2.28,1100.0,1100.0,1100.0,1100.0
1.644502878189087,-150.46,2.13,1100.0,1100.0,1100.0,1100.0
1.6848134994506836,-150.36,2.02,1100.0,1100.0,1100.0,1100.0
1.6848134994506836,-150.27,1.62,1100.0,1100.0,1100.0,1100.0
1.6848134994506836,-150.2,1.44,1100.0,1100.0,1100.0,1100.0
1.7348127365112305,-150.15,1.37,1100.0,1100.0,1100.0,1100.0
1.7348127365112305,-150.12,1.33,1100.0,1100.0,1100.0,1100.0
1.7348127365112305,-150.0,1.43,1100.0,1100.0,1100.0,1100.0
1.7843267917633057,-149.9,1.61,1100.0,1100.0,1100.0,1100.0
1.7843267917633057,-149.85,1.74,1100.0,1100.0,1100.0,1100.0
1.7843267917633057,-149.91,1.72,1100.0,1100.0,1100.0,1100.0
1.824343204498291,-150.09,1.73,1100.0,1100.0,1100.0,1100.0
1.824343204498291,-150.02,1.99,1100.0,1100.0,1100.0,1100.0
1.8745043277740479,-150.06,2.13,1100.0,1100.0,1100.0,1100.0
1.8745043277740479,-150.13,2.35,1100.0,1100.0,1100.0,1100.0
1.8745043277740479,-150.25,2.53,1100.0,1100.0,1100.0,1100.0
1.9245073795318604,-150.38,2.58,1100.0,1100.0,1100.0,1100.0
1.9245073795318604,-150.39,2.66,1100.0,1100.0,1100.0,1100.0
1.9245073795318604,-150.53,2.72,1100.0,1100.0,1100.0,1100.0
1.9645860195159912,-150.59,2.79,1100.0,1100.0,1100.0,1100.0
1.9645860195159912,-150.73,2.6,1100.0,1100.0,1100.0,1100.0
1.9645860195159912,-150.77,2.61,1100.0,1100.0,1100.0,1100.0
2.0245959758758545,-150.76,2.55,1100.0,1100.0,1100.0,1100.0
2.0245959758758545,-150.62,2.55,1100.0,1100.0,1100.0,1100.0
2.0245959758758545,-150.37,2.17,1100.0,1100.0,1100.0,1100.0
2.064584732055664,-150.4,1.89,1100.0,1100.0,1100.0,1100.0
2.064584732055664,-150.33,1.72,1100.0,1100.0,1100.0,1100.0
2.064584732055664,-150.28,1.76,1100.0,1100.0,1100.0,1100.0
2.1252505779266357,-150.13,1.74,1100.0,1100.0,1100.0,1100.0
2.1252505779266357,-150.03,1.79,1100.0,1100.0,1100.0,1100.0
2.1252505779266357,-150.08,1.72,1100.0,1100.0,1100.0,1100.0
2.175179958343506,-150.0,1.62,1100.0,1100.0,1100.0,1100.0
2.175179958343506,-150.06,1.51,1100.0,1100.0,1100.0,1100.0
2.175179958343506,-150.0,1.56,1100.0,1100.0,1100.0,1100.0
2.224811553955078,-149.93,1.65,1100.0,1100.0,1100.0,1100.0
2.224811553955078,-149.93,1.74,1100.0,1100.0,1100.0,1100.0
2.224811553955078,-149.84,1.97,1100.0,1100.0,1100.0,1100.0
2.2847886085510254,-149.92,2.13,1100.0,1100.0,1100.0,1100.0
2.2847886085510254,-149.93,2.31,1100.0,1100.0,1100.0,1100.0
2.2847886085510254,-150.11,2.46,1100.0,1100.0,1100.0,1100.0
2.2847886085510254,-150.08,2.58,1100.0,1100.0,1100.0,1100.0
2.3345508575439453,-150.08,2.65,1100.0,1100.0,1100.0,1100.0
2.3345508575439453,-150.16,2.65,1100.0,1100.0,1100.0,1100.0
2.3345508575439453,-150.08,2.61,1100.0,1100.0,1100.0,1100.0
2.374574661254883,-150.08,2.49,1100.0,1100.0,1100.0,1100.0
2.374574661254883,-150.09,2.42,1100.0,1100.0,1100.0,1100.0
2.374574661254883,-150.16,2.22,1100.0,1100.0,1100.0,1100.0
2.42451548576355,-150.14,2.23,1100.0,1100.0,1100.0,1100.0
2.42451548576355,-150.09,2.21,1100.0,1100.0,1100.0,1100.0
2.474799156188965,-150.01,2.24,1100.0,1100.0,1100.0,1100.0
2.474799156188965,-150.05,2.13,1100.0,1100.0,1100.0,1100.0
2.474799156188965,-149.97,2.01,1100.0,1100.0,1100.0,1100.0
2.51475191116333,-149.9,1.86,1100.0,1100.0,1100.0,1100.0
2.51475191116333,-149.98,1.56,1100.0,1100.0,1100.0,1100.0
2.51475191116333,-149.84,1.68,1100.0,1100.0,1100.0,1100.0
2.5645973682403564,-149.81,1.75,1100.0,1100.0,1100.0,1100.0
2.5645973682403564,-149.76,1.81,1100.0,1100.0,1100.0,1100.0
2.5645973682403564,-149.76,1.95,1100.0,1100.0,1100.0,1100.0
2.605828285217285,-149.8,2.1,1100.0,1100.0,1100.0,1100.0
2.605828285217285,-149.79,2.2,1100.0,1100.0,1100.0,1100.0
2.605828285217285,-149.89,2.16,1100.0,1100.0,1100.0,1100.0
2.6547939777374268,-149.98,2.26,1100.0,1100.0,1100.0,1100.0
2.6547939777374268,-149.98,2.27,1100.0,1100.0,1100.0,1100.0
2.6547939777374268,-149.95,2.31,1100.0,1100.0,1100.0,1100.0
2.7151103019714355,-149.75,2.3,1100.0,1100.0,1100.0,1100.0
2.7151103019714355,-149.83,2.19,1100.0,1100.0,1100.0,1100.0
2.7151103019714355,-149.8,2.05,1100.0,1100.0,1100.0,1100.0
2.7644968032836914,-149.78,1.97,1100.0,1100.0,1100.0,1100.0
2.7644968032836914,-149.78,1.9,1100.0,1100.0,1100.0,1100.0
2.7644968032836914,-149.78,1.81,1100.0,1100.0,1100.0,1100.0
2.8145835399627686,-149.67,1.82,1100.0,1100.0,1100.0,1100.0
2.8145835399627686,-149.57,1.82,1100.0,1100.0,1100.0,1100.0
2.8145835399627686,-149.58,1.75,1100.0,1100.0,1100.0,1100.0
2.8548521995544434,-149.59,1.57,1100.0,1100.0,1100.0,1100.0
2.8548521995544434,-149.8,1.45,1100.0,1100.0,1100.0,1100.0
2.8548521995544434,-149.97,1.39,1100.0,1100.0,1100.0,1100.0
2.904766321182251,-150.09,1.34,1100.0,1100.0,1100.0,1100.0
2.904766321182251,-149.98,1.5,1100.0,1100.0,1100.0,1100.0
2.904766321182251,-149.9,1.64,1100.0,1100.0,1100.0,1100.0
2.954586982727051,-149.88,1.85,1100.0,1100.0,1100.0,1100.0
2.954586982727051,-149.95,1.91,1100.0,1100.0,1100.0,1100.0
3.0051989555358887,-150.22,1.86,1100.0,1100.0,1100.0,1100.0
3.0051989555358887,-150.31,1.9,1100.0,1100.0,1100.0,1100.0
3.0051989555358887,-150.2,1.91,1100.0,1100.0,1100.0,1100.0
3.0448718070983887,-150.06,1.98,1100.0,1100.0,1100.0,1100.0
3.0448718070983887,-149.94,2.1,1100.0,1100.0,1100.0,1100.0
3.0448718070983887,-149.9,2.05,1100.0,1100.0,1100.0,1100.0
3.0945091247558594,-149.86,2.04,1100.0,1100.0,1100.0,1100.0
3.0945091247558594,-149.83,2.0,1100.0,1100.0,1100.0,1100.0
3.0945091247558594,-149.79,2.05,1100.0,1100.0,1100.0,1100.0
3.144503355026245,-149.77,2.05,1100.0,1100.0,1100.0,1100.0
3.144503355026245,-149.72,2.06,1100.0,1100.0,1100.0,1100.0
3.144503355026245,-149.64,2.12,1100.0,1100.0,1100.0,1100.0
3.1844377517700195,-149.71,2.12,1100.0,1100.0,1100.0,1100.0
3.1844377517700195,-149.65,2.08,1100.0,1100.0,1100.0,1100.0
3.1844377517700195,-149.58,2.06,1100.0,1100.0,1100.0,1100.0
3.2343506813049316,-149.73,1.85,1100.0,1100.0,1100.0,1100.0
3.2343506813049316,-149.88,1.77,1100.0,1100.0,1100.0,1100.0
3.2343506813049316,-149.8,1.84,1100.0,1100.0,1100.0,1100.0
3.2846758365631104,-149.71,1.98,1100.0,1100.0,1100.0,1100.0
3.2846758365631104,-149.69,2.0,1100.0,1100.0,1100.0,1100.0
3.3343350887298584,-149.68,2.13,1100.0,1100.0,1100.0,1100.0
3.3343350887298584,-149.71,2.06,1100.0,1100.0,1100.0,1100.0
3.3343350887298584,-149.91,2.02,1100.0,1100.0,1100.0,1100.0
3.3751277923583984,-149.94,1.98,1100.0,1100.0,1100.0,1100.0
3.3751277923583984,-149.94,2.06,1100.0,1100.0,1100.0,1100.0
3.3751277923583984,-149.84,2.33,1100.0,1100.0,1100.0,1100.0
3.43430757522583,-149.78,2.49,1100.0,1100.0,1100.0,1100.0
3.43430757522583,-149.84,2.65,1100.0,1100.0,1100.0,1100.0
3.43430757522583,-149.86,2.73,1100.0,1100.0,1100.0,1100.0
3.4854536056518555,-149.99,2.72,1100.0,1100.0,1100.0,1100.0
3.4854536056518555,-150.06,2.67,1100.0,1100.0,1100.0,1100.0
3.4854536056518555,-150.04,2.78,1100.0,1100.0,1100.0,1100.0
3.4854536056518555,-149.9,2.8,1100.0,1100.0,1100.0,1100.0
3.534658432006836,-149.87,2.75,1100.0,1100.0,1100.0,1100.0
3.534658432006836,-149.88,2.65,1100.0,1100.0,1100.0,1100.0
3.534658432006836,-149.91,2.62,1100.0,1100.0,1100.0,1100.0
3.585954427719116,-149.96,2.52,1100.0,1100.0,1100.0,1100.0
3.585954427719116,-149.85,2.39,1100.0,1100.0,1100.0,1100.0
3.6252400875091553,-149.79,2.47,1100.0,1100.0,1100.0,1100.0
3.6252400875091553,-149.73,2.42,1100.0,1100.0,1100.0,1100.0
3.6252400875091553,-149.61,2.48,1100.0,1100.0,1100.0,1100.0
3.6751914024353027,-149.68,2.45,1100.0,1100.0,1100.0,1100.0
3.6751914024353027,-149.64,2.33,1100.0,1100.0,1100.0,1100.0
3.6751914024353027,-149.63,2.11,1100.0,1100.0,1100.0,1100.0
3.725231885910034,-149.68,2.01,1100.0,1100.0,1100.0,1100.0
3.725231885910034,-149.74,2.08,1100.0,1100.0,1100.0,1100.0
3.725231885910034,-149.76,2.18,1100.0,1100.0,1100.0,1100.0
3.765052080154419,-149.81,2.2,1100.0,1100.0,1100.0,1100.0
3.765052080154419,-149.83,2.29,1100.0,1100.0,1100.0,1100.0
3.765052080154419,-149.65,2.48,1100.0,1100.0,1100.0,1100.0
3.8143253326416016,-149.67,2.56,1100.0,1100.0,1100.0,1100.0
3.8143253326416016,-149.63,2.57,1100.0,1100.0,1100.0,1100.0
3.8548810482025146,-149.59,2.55,1100.0,1100.0,1100.0,1100.0
3.8548810482025146,-149.54,2.73,1100.0,1100.0,1100.0,1100.0
3.8548810482025146,-149.41,2.94,1100.0,1100.0,1100.0,1100.0
3.9046835899353027,-149.65,2.99,1100.0,1100.0,1100.0,1100.0
3.9046835899353027,-149.66,3.07,1100.0,1100.0,1100.0,1100.0
3.9046835899353027,-149.68,2.93,1100.0,1100.0,1100.0,1100.0
3.9550514221191406,-149.75,2.89,1100.0,1100.0,1100.0,1100.0
3.9550514221191406,-149.72,2.79,1100.0,1100.0,1100.0,1100.0
3.9550514221191406,-149.81,2.63,1100.0,1100.0,1100.0,1100.0
3.994375228881836,-149.78,2.65,1100.0,1100.0,1100.0,1100.0
3.994375228881836,-149.75,2.72,1100.0,1100.0,1100.0,1100.0
3.994375228881836,-149.66,2.73,1100.0,1100.0,1100.0,1100.0
4.045119285583496,-149.73,2.75,1100.0,1100.0,1100.0,1100.0
4.045119285583496,-149.87,2.64,1100.0,1100.0,1100.0,1100.0
4.0945045948028564,-149.87,2.62,1100.0,1100.0,1100.0,1100.0
4.0945045948028564,-149.9,2.56,1100.0,1100.0,1100.0,1100.0
4.0945045948028564,-149.86,2.54,1100.0,1100.0,1100.0,1100.0
4.134638786315918,-149.78,2.53,1100.0,1100.0,1100.0,1100.0
4.134638786315918,-149.76,2.54,1100.0,1100.0,1100.0,1100.0
4.134638786315918,-149.69,2.47,1100.0,1100.0,1100.0,1100.0
4.184484243392944,-149.69,2.52,1100.0,1100.0,1100.0,1100.0
4.184484243392944,-149.72,2.55,1100.0,1100.0,1100.0,1100.0
4.184484243392944,-149.68,2.63,1100.0,1100.0,1100.0,1100.0
4.234609603881836,-149.61,2.78,1100.0,1100.0,1100.0,1100.0
4.234609603881836,-149.54,2.91,1100.0,1100.0,1100.0,1100.0
4.234609603881836,-149.53,2.97,1100.0,1100.0,1100.0,1100.0
4.285296678543091,-149.56,2.96,1100.0,1100.0,1100.0,1100.0
4.285296678543091,-149.71,2.91,1100.0,1100.0,1100.0,1100.0
4.285296678543091,-149.75,2.96,1100.0,1100.0,1100.0,1100.0
4.3255698680877686,-149.75,2.82,1100.0,1100.0,1100.0,1100.0
4.3255698680877686,-149.71,2.88,1100.0,1100.0,1100.0,1100.0
4.384732246398926,-149.65,2.88,1100.0,1100.0,1100.0,1100.0
4.384732246398926,-149.64,2.88,1100.0,1100.0,1100.0,1100.0
4.384732246398926,-149.61,2.84,1100.0,1100.0,1100.0,1100.0
4.384732246398926,-149.59,2.72,1100.0,1100.0,1100.0,1100.0
4.435237646102905,-149.73,2.56,1100.0,1100.0,1100.0,1100.0
4.435237646102905,-149.73,2.41,1100.0,1100.0,1100.0,1100.0
4.435237646102905,-149.8,2.53,1100.0,1100.0,1100.0,1100.0
